{
	"COMENTARIO":[
		{
		"id" : 1,
		"comentario" : "este es el primer comentario del producto 1",
		"PRODUCTO_id" : 1,
		"USUARIO_cedula" : "8"
		},{
		"id" : 2,
		"comentario" : "este es el segundo comentario del producto 3",
		"PRODUCTO_id" : 3,
		"USUARIO_cedula" : "9"
		},{
		"id" : 3,
		"comentario" : "comentario 3",
		"PRODUCTO_id" : 1,
		"USUARIO_cedula" : "8"
		},{
		"id" : 4,
		"comentario" : "este es el cuarto comentario del producto",
		"PRODUCTO_id" : 4,
		"USUARIO_cedula" : "9"
		},{
		"id" : 5,
		"comentario" : "este es el quinto comentario del producto",
		"PRODUCTO_id" : 4,
		"USUARIO_cedula" : "8"
		}
		
	]
}