{
	"DETALLECOMPRA":[
		{
		"id": 1,
		"cantidad" : 10,
		"precio" : 120.000,
		"COMPRA_ref" : 1,
		"PRODUCTO_id" : 1
		},{
		"id": 2,
		"cantidad" : 4,
		"precio" : 48.000,
		"COMPRA_ref" : 1,
		"PRODUCTO_id" : 2
		},{
		"id": 3,
		"cantidad" : 9,
		"precio" : 180.000,
		"COMPRA_ref" : 1,
		"PRODUCTO_id" : 3
		},{
		"id": 5,
		"cantidad" : 20,
		"precio" : 260.000,
		"COMPRA_ref" : 1,
		"PRODUCTO_id" : 5
		},{
		"id": 4,
		"cantidad" : 8,
		"precio" : 104.000,
		"COMPRA_ref" : 2,
		"PRODUCTO_id" : 5
		},{
		"id": 6,
		"cantidad" : 7,
		"precio" : 154.000,
		"COMPRA_ref" : 2,
		"PRODUCTO_id" : 9
		}
	]
}