{
	"PERSONA": [
		{
			"cedula": "1",
			"tipo": "Administrador",
			"nombreCompleto": "Mateo Henao Rodriguez",
			"direccion": "Carrera 5 16-20",
			"clave": "12345",
			"numeroTelefonico":"3171112223",
			"email": "mateohenao@gmail.com"
		},
		{
			"cedula": "2",
			"tipo": "Administrador",
			"nombreCompleto": "Daniel Flaco",
			"direccion": "Carrera 5 16-20",
			"clave": "12345",
			"numeroTelefonico":"3171112223",
			"email": "daniel@gmail.com"
		},{
			"cedula": "3",
			"tipo": "Administrador",
			"nombreCompleto": "Ernesto fausto mendoza",
			"direccion": "Calle 21 35-10",
			"clave": "12345",
			"numeroTelefonico":"31711554423",
			"email": "ernesto@gmail.com"
		},{
			"cedula": "4",
			"tipo": "Administrador",
			"nombreCompleto": "Daniel Gonzales vallejo",
			"direccion": "Las americas 12-9",
			"clave": "12345",
			"numeroTelefonico":"313311223",
			"email": "danielg@gmail.com"
		},{
			"cedula": "5",
			"tipo": "Administrador",
			"nombreCompleto": "Gabriel hernandez ortiz",
			"direccion": "Colinas 78-2",
			"clave": "123456789",
			"numeroTelefonico":"3171112223",
			"email": "gabriel@gmail.com"
		},
		{
			"cedula": "6",
			"tipo": "Usuario",
			"nombreCompleto": "Andrea",
			"direccion": "Carrera 10 26-30",
			"clave": "12345",
			"numeroTelefonico":"3172223322",
			"email": "andrea@gmail.com"
		},
		{
			"cedula": "7",
			"tipo": "Usuario",
			"nombreCompleto": "Camila Osorio Velez",
			"direccion": "Carrera 1 1-30",
			"clave": "12345",
			"numeroTelefonico":"3173131322",
			"email": "Camila@gmail.com"
		},
		{
			"cedula": "8",
			"tipo": "Usuario",
			"nombreCompleto": "Alejandra Betancur",
			"direccion": "Carrera 77 2-3",
			"clave": "12345",
			"numeroTelefonico":"3172223322",
			"email": "alejandra@gmail.com"
		},
		{
			"cedula": "9",
			"tipo": "Usuario",
			"nombreCompleto": "Veronica Hurtado",
			"direccion": "Carrera 150 54-76",
			"clave": "12345",
			"numeroTelefonico":"3172223322",
			"email": "veronica@gmail.com"
		},{
			"cedula": "10",
			"tipo": "Usuario",
			"nombreCompleto": "Estefania Mendez",
			"direccion": "Carrera 19 96-39",
			"clave": "12345",
			"numeroTelefonico":"3172229922",
			"email": "estefania@gmail.com"
		}
	],
	"ADMINISTRADOR": [
		{
			"cedula": "1"
		},
		{
			"cedula": "2"
		},
		{
			"cedula": "3"
		},
		{
			"cedula": "4"
		},
		{
			"cedula": "5"
		}
	],
	"USUARIO":[
		{
			"cedula": "6"
		},
		{
			"cedula": "7"
		},
		{
			"cedula": "8"
		},
		{
			"cedula": "9"
		},
		{
			"cedula": "10"
		}
	]
}