{
	"PRODUCTO":[
		{
		"id" : 1,
		"nombre" : "celular1",
		"descripcion" : "esta melo caramelo este celular",
		"fechaLimite" : "2019-01-12",
		"categoria" : "tecnologia",
		"precio" : 12.000,
		"USUARIO_cedula" :"6",
		"disponibilidad" : 19
		},{
		"id" : 2,
		"nombre" : "balon1",
		"descripcion" : "esta melo caramelo este balon",
		"fechaLimite" : "2019-02-21",
		"categoria" : "deporte",
		"precio" : 12.000,
		"USUARIO_cedula" :"8",
		"disponibilidad" : 12
		},{
		"id" : 3,
		"nombre" : "vestido1",
		"descripcion" : "esta melo caramelo este vestido",
		"fechaLimite" : "2019-11-20",
		"categoria" : "moda",
		"precio" : 120.000,
		"USUARIO_cedula" :"10",
		"disponibilidad" : 100
		},{
		"id" : 4,
		"nombre" : "celular2",
		"descripcion" : "esta melo caramelo este celular2",
		"fechaLimite" : "2019-01-11",
		"categoria" : "tecnologia",
		"precio" : 12.900,
		"USUARIO_cedula" :"8",
		"disponibilidad" : 19
		},{
		"id" : 5,
		"nombre" : "celular3",
		"descripcion" : "esta melo caramelo este celular3",
		"fechaLimite" : "2019-10-13",
		"categoria" : "tecnologia",
		"precio" : 13.000,
		"USUARIO_cedula" :"7",
		"disponibilidad" : 20
		},{
		"id" : 6,
		"nombre" : "balon2",
		"descripcion" : "esta melo caramelo este balon2",
		"fechaLimite" : "2019-11-22",
		"categoria" : "deporte",
		"precio" : 12.200,
		"USUARIO_cedula" :"9",
		"disponibilidad" : 22
		},{
		"id" : 7,
		"nombre" : "balon3",
		"descripcion" : "esta melo caramelo este balon3",
		"fechaLimite" : "2019-11-13",
		"categoria" : "deporte",
		"precio" : 13.000,
		"USUARIO_cedula" :"10",
		"disponibilidad" : 32
		},{
		"id" : 8,
		"nombre" : "vestido2",
		"descripcion" : "esta melo caramelo este vestido2",
		"fechaLimite" : "2019-11-22",
		"categoria" : "moda",
		"precio" : 122.000,
		"USUARIO_cedula" :"9",
		"disponibilidad" : 200
		},{
		"id" : 9,
		"nombre" : "vestido3",
		"descripcion" : "esta melo caramelo este vestido3",
		"fechaLimite" : "2018-11-30",
		"categoria" : "moda",
		"precio" : 320.000,
		"USUARIO_cedula" :"7",
		"disponibilidad" : 300
		},{
		"id" : 10,
		"nombre" : "libro1",
		"descripcion" : "esta melo caramelo este libro1",
		"fechaLimite" : "2019-11-01",
		"categoria" : "libros",
		"precio" : 281.000,
		"USUARIO_cedula" :"7",
		"disponibilidad" : 320
		},{
		"id" : 11,
		"nombre" : "libro2",
		"descripcion" : "esta melo caramelo este libro2",
		"fechaLimite" : "2019-11-02",
		"categoria" : "libros",
		"precio" : 282.000,
		"USUARIO_cedula" :"8",
		"disponibilidad" : 220
		},{
		"id" : 12,
		"nombre" : "libro3",
		"descripcion" : "esta melo caramelo este libro3",
		"fechaLimite" : "2019-11-03",
		"categoria" : "libros",
		"precio" : 283.000,
		"USUARIO_cedula" :"9",
		"disponibilidad" : 330
		},{
		"id" : 13,
		"nombre" : "joya1",
		"descripcion" : "esta melo caramelo esa joya1",
		"fechaLimite" : "2019-11-01",
		"categoria" : "joyas",
		"precio" : 281.000,
		"USUARIO_cedula" :"7",
		"disponibilidad" : 320
		},{
		"id" : 14,
		"nombre" : "joya2",
		"descripcion" : "esta melo caramelo esa joya2",
		"fechaLimite" : "2019-11-02",
		"categoria" : "joyas",
		"precio" : 282.000,
		"USUARIO_cedula" :"8",
		"disponibilidad" : 220
		},{
		"id" : 15,
		"nombre" : "joya3",
		"descripcion" : "esta melo caramelo esa joya3",
		"fechaLimite" : "2019-11-03",
		"categoria" : "joyas",
		"precio" : 283.000,
		"USUARIO_cedula" :"9",
		"disponibilidad" : 320
		}
	],
	"Producto_IMAGENES" : [
		{
		"Producto_id" : 1,
		"iMAGENES" : "ruta/imagenJson1.png"
		},{
		"Producto_id" : 1,
		"iMAGENES" : "ruta/imagenJson2.png"
		},{
		"Producto_id" : 2,
		"iMAGENES" : "ruta2/imagenJson1.png"
		},{
		"Producto_id" : 2,
		"iMAGENES" : "ruta2/imagenJson2.png"
		}
	]
	
	
}